Name,Seattle,Houston,New York City,Los Angeles,Chicago,Philadelphia,Pheonix
temperature,52.68219178082192,69.94657534246575,55.04794520547945,65.47808219178083,51.50547945205479,55.97260273972603,75.10958904109589
precipitation,37.49,49.769999999999996,49.94,14.930000000000003,39.089999999999996,41.53,8.03
